{
  "train_loss": [
    1.8972481833290809,
    1.7356827971861535,
    1.6177543020739997,
    1.5118445317769789,
    1.4258190319710171,
    1.342426802694183,
    1.2748798537500126,
    1.1826623186622698,
    1.1269253062218736,
    1.0519032011327056,
    0.9808790794352895,
    0.910230098925915,
    0.8673437667876175,
    0.8115203592580619,
    0.7264123485260403,
    0.6743337152544985,
    0.6402055952966828,
    0.5824939516401783,
    0.5540117381774273,
    0.5197779573116106
  ],
  "val_loss": [
    1.7385297110586455,
    1.608600540594621,
    1.5137453404339878,
    1.444675037355134,
    1.4102297912944446,
    1.3105893062822747,
    1.289566498814207,
    1.2219891945521038,
    1.187021988810915,
    1.1603716936978428,
    1.1289534586848635,
    1.1018851561979814,
    1.0823389291763306,
    1.0641299215230076,
    1.1070609255270525,
    1.1159867572061943,
    1.0354520308248925,
    1.0517355781612974,
    1.0475349028905232,
    1.0015167584924987
  ],
  "train_acc": [
    0.21736313573048266,
    0.30741820537738906,
    0.384191771946874,
    0.42759961127308066,
    0.4655004859086492,
    0.5098801425332038,
    0.5260770975056689,
    0.5821185617103984,
    0.5954000647878199,
    0.6206673145448656,
    0.6511175898931001,
    0.6805960479429867,
    0.6945254292193068,
    0.7162293488824101,
    0.765144152899255,
    0.7722708130871396,
    0.7891156462585034,
    0.8069322967282151,
    0.814382896015549,
    0.8250728862973761
  ],
  "val_acc": [
    0.3151750972762646,
    0.41245136186770426,
    0.4571984435797665,
    0.43093385214007784,
    0.4990272373540856,
    0.5204280155642024,
    0.519455252918288,
    0.5486381322957199,
    0.5554474708171206,
    0.5865758754863813,
    0.5963035019455253,
    0.5972762645914397,
    0.6001945525291829,
    0.6021400778210116,
    0.6118677042801557,
    0.580739299610895,
    0.6157587548638133,
    0.6245136186770428,
    0.622568093385214,
    0.622568093385214
  ]
}