{
  "train_loss": [
    1.3818654043158305,
    0.515226077787655,
    0.1889687910983243,
    0.08513276678385194,
    0.053262591755651324,
    0.03610485811362561,
    0.029727135816128136,
    0.02236134648927939,
    0.021563506017909528,
    0.01469755719101402,
    0.01127606163463872,
    0.021589717086039715,
    0.029258677505494393,
    0.018761142012999228,
    0.012704210628913812,
    0.01202770372547843,
    0.01284160749859551,
    0.01698413918745349,
    0.014738849092985397,
    0.009384006625773461
  ],
  "val_loss": [
    0.7056236863136292,
    0.22838600849111876,
    0.09555581911946788,
    0.04565339213745161,
    0.03052993512458422,
    0.030723150078715247,
    0.022022048674636717,
    0.024684333753997856,
    0.016537626986532952,
    0.01714464069774487,
    0.024211313159233243,
    0.03227055201194051,
    0.026604509245688943,
    0.018565683152921723,
    0.019247156456747853,
    0.018124696889902803,
    0.029132617833304474,
    0.04175790738063921,
    0.0355537326232121,
    0.014267744160447777
  ],
  "train_acc": [
    0.5649497894395854,
    0.858114674441205,
    0.9569160997732427,
    0.9831551668286362,
    0.9876903142209265,
    0.9915775834143181,
    0.9938451571104633,
    0.9961127308066083,
    0.9964366699060576,
    0.9970845481049563,
    0.9987042436022028,
    0.9954648526077098,
    0.9915775834143181,
    0.9948169744088111,
    0.9974084872044056,
    0.9977324263038548,
    0.996760609005507,
    0.9954648526077098,
    0.9957887917071591,
    0.9977324263038548
  ],
  "val_acc": [
    0.7898832684824902,
    0.9426070038910506,
    0.9844357976653697,
    0.9931906614785992,
    0.9941634241245136,
    0.9912451361867705,
    0.9941634241245136,
    0.995136186770428,
    0.9970817120622568,
    0.9941634241245136,
    0.9941634241245136,
    0.9922178988326849,
    0.9922178988326849,
    0.9961089494163424,
    0.9941634241245136,
    0.9961089494163424,
    0.9941634241245136,
    0.9941634241245136,
    0.995136186770428,
    0.995136186770428
  ]
}