{
  "train_loss": [
    1.886072171103094,
    1.733396608804919,
    1.6345957161224995,
    1.5411270045742547,
    1.3951024966141612,
    1.2354433020365607,
    1.0612556473496033,
    0.898252766156934,
    0.7644240124938414,
    0.6474635511943975,
    0.5713164579008043,
    0.4888519632447626,
    0.4826885079292907,
    0.43555166841167764,
    0.4081886292425628,
    0.3452494077614902,
    0.3270152716599789,
    0.288343017786434,
    0.31491023386569367,
    0.2680675704992309
  ],
  "val_loss": [
    1.8320862705057317,
    1.6511416977102107,
    1.547743595007694,
    1.5236374175909795,
    1.535028546145468,
    1.4493440768935464,
    1.54379151987307,
    1.641266998016473,
    1.598320399269913,
    1.5653836943886497,
    1.6121780655600808,
    1.5868844985961914,
    1.6985506740483372,
    1.759895055583029,
    1.8213721405376087,
    1.7752967025294448,
    1.8351338921171245,
    1.76430078347524,
    1.6621022946906812,
    1.590909112583507
  ],
  "train_acc": [
    0.22092646582442502,
    0.2931648850016197,
    0.3472627146096534,
    0.39034661483641075,
    0.4667962423064464,
    0.5322319403952057,
    0.6106252024619372,
    0.6825396825396826,
    0.7243278263686427,
    0.7784256559766763,
    0.800453514739229,
    0.8211856171039844,
    0.8373825720764496,
    0.8500161969549724,
    0.8626498218334953,
    0.8850016196954973,
    0.8895367670877875,
    0.8986070618723679,
    0.8976352445740201,
    0.9109167476514415
  ],
  "val_acc": [
    0.24027237354085604,
    0.33949416342412453,
    0.3968871595330739,
    0.4066147859922179,
    0.4153696498054475,
    0.4581712062256809,
    0.45330739299610895,
    0.48151750972762647,
    0.48346303501945526,
    0.5038910505836576,
    0.5107003891050583,
    0.5369649805447471,
    0.5009727626459144,
    0.5233463035019456,
    0.5252918287937743,
    0.5184824902723736,
    0.5282101167315175,
    0.5330739299610895,
    0.5680933852140078,
    0.566147859922179
  ]
}