{
  "train_loss": [
    1.5677821242932193,
    1.1603253072070092,
    0.8314226220563515,
    0.5710248732075249,
    0.30727881139393937,
    0.14854679932606588,
    0.09985255791815285,
    0.08767712988036196,
    0.04501007804551076,
    0.036210807611608935,
    0.020005701282589706,
    0.02691070102491253,
    0.10785162412398255,
    0.16978518699401432,
    0.1325871334747248,
    0.05291910159411197,
    0.03026461925540004,
    0.009668671177968997,
    0.012701617903076112,
    0.039751166535407
  ],
  "val_loss": [
    2.7497309771451084,
    3.0575647354125977,
    1.1609729320713968,
    1.7046976125601567,
    1.420476044669296,
    1.3785798983140425,
    0.9671446333328882,
    1.933016679503701,
    1.1464989691069631,
    0.8352355081164702,
    0.7597463537346233,
    1.4984442826473352,
    1.819202665126685,
    1.694487741499236,
    2.0493192022497,
    0.9946620789441195,
    0.7633159910187577,
    0.7477563791202776,
    0.8068583526394584,
    1.3248733480771382
  ],
  "train_acc": [
    0.3861354065435698,
    0.5749919015225138,
    0.7039196631033365,
    0.8056365403304179,
    0.9083252348558472,
    0.9614512471655329,
    0.9805636540330418,
    0.9805636540330418,
    0.9928733398121153,
    0.9954648526077098,
    0.9983803045027535,
    0.9951409135082604,
    0.9676060900550697,
    0.9465500485908649,
    0.9572400388726919,
    0.9857466796242307,
    0.9938451571104633,
    1.0,
    0.9980563654033042,
    0.9909297052154195
  ],
  "val_acc": [
    0.27529182879377434,
    0.23151750972762647,
    0.5535019455252919,
    0.48346303501945526,
    0.5583657587548638,
    0.5749027237354085,
    0.6721789883268483,
    0.5038910505836576,
    0.6352140077821011,
    0.7062256809338522,
    0.7431906614785992,
    0.6235408560311284,
    0.5330739299610895,
    0.5505836575875487,
    0.5204280155642024,
    0.7062256809338522,
    0.7480544747081712,
    0.7529182879377432,
    0.7295719844357976,
    0.646887159533074
  ]
}