{
  "train_loss": [
    0.827660969698552,
    0.10497599168075729,
    0.02527354516511418,
    0.012873252311279787,
    0.006842038764608736,
    0.004031877547080062,
    0.0034438324588130123,
    0.002798748008796427,
    0.0029131981391776543,
    0.00215500648872754,
    0.0016839135001346316,
    0.0012812467100525985,
    0.0013391437595854177,
    0.0010419680416516807,
    0.0010312755031693611,
    0.0038259483304669234,
    0.23690729386163586,
    0.07975461682275936,
    0.018116922963881076,
    0.0101407195168989
  ],
  "val_loss": [
    0.29267900640314276,
    0.10077796447457689,
    0.08398261632431638,
    0.06913874258823467,
    0.06899030625142834,
    0.057858745313503525,
    0.0689080254964982,
    0.05784236243925989,
    0.049235182122863604,
    0.052824116608297285,
    0.05360473942357313,
    0.055755775384816596,
    0.0792972262821753,
    0.054228186790803164,
    0.05499725080462116,
    0.23619876645512483,
    0.3236221738836982,
    0.05950473949214387,
    0.07400501809862556,
    0.05592488197638004
  ],
  "train_acc": [
    0.7201166180758017,
    0.9834791059280855,
    0.9980563654033042,
    0.9996760609005507,
    1.0,
    1.0,
    1.0,
    1.0,
    1.0,
    1.0,
    1.0,
    1.0,
    1.0,
    1.0,
    1.0,
    0.9987042436022028,
    0.92095885973437,
    0.9727891156462585,
    0.9974084872044056,
    0.9980563654033042
  ],
  "val_acc": [
    0.919260700389105,
    0.9795719844357976,
    0.980544747081712,
    0.980544747081712,
    0.9815175097276264,
    0.9863813229571985,
    0.9863813229571985,
    0.9844357976653697,
    0.9863813229571985,
    0.9844357976653697,
    0.9854085603112841,
    0.9834630350194552,
    0.9854085603112841,
    0.9863813229571985,
    0.9854085603112841,
    0.9231517509727627,
    0.9007782101167315,
    0.9795719844357976,
    0.980544747081712,
    0.9834630350194552
  ]
}